{
  "timestamp": "2025-10-22 12:40:07",
  "system": {
    "embedding_model": "all-MiniLM-L6-v2",
    "embedding_mode": "tfidf",
    "documents": 4,
    "chunks": 20,
    "vector_dimension": 576
  },
  "embedding_performance": {
    "embedding_time": 0.002187013626098633,
    "docs_per_second": 9144.890439332825,
    "vector_dimension": 576,
    "model": "all-MiniLM-L6-v2",
    "mode": "tfidf"
  },
  "retrieval_performance": {
    "total_queries": 9,
    "avg_retrieval_time": 0.00016458829243977865,
    "p50_latency": 0.00015997886657714844,
    "p95_latency": 0.00018639564514160155,
    "p99_latency": 0.00018929481506347657,
    "queries_per_second": 6075.766296475133,
    "avg_top1_score": 0.1996100565606981,
    "avg_top5_score": 0.11873243418388896
  },
  "end_to_end_performance": {
    "avg_e2e_time": 0.0006635718875461154,
    "total_time": 0.005972146987915039,
    "avg_accuracy": 0.30108984582668785
  },
  "sample_results": [
    {
      "query": "Скільки днів відпустки на рік?",
      "top_k_scores": [
        0.2730546787269762,
        0.08334655910257142,
        0.06765313119701107,
        0.06485955443659987,
        0.05886912296665976
      ],
      "top_k_sources": [
        "hr_policy.txt",
        "hr_policy.txt",
        "hr_policy.txt",
        "equipment_policy.txt",
        "it_security.txt"
      ],
      "retrieval_time": 0.0001900196075439453
    },
    {
      "query": "Хто керівник IT відділу?",
      "top_k_scores": [
        0.11727444523455116,
        0.08545320047855415,
        0.0714037171222434,
        0.060504195926791744,
        0.053341281437063515
      ],
      "top_k_sources": [
        "equipment_policy.txt",
        "sales_kpi.txt",
        "equipment_policy.txt",
        "it_security.txt",
        "equipment_policy.txt"
      ],
      "retrieval_time": 0.00018095970153808594
    },
    {
      "query": "Яка місячна виручка відділу продажів?",
      "top_k_scores": [
        0.1308968160969424,
        0.05863722261304892,
        0.05334128143346595,
        0.04461370902083564,
        0.0
      ],
      "top_k_sources": [
        "sales_kpi.txt",
        "equipment_policy.txt",
        "equipment_policy.txt",
        "sales_kpi.txt",
        "hr_policy.txt"
      ],
      "retrieval_time": 0.0001621246337890625
    }
  ]
}