{
  "ragas_comparison": [
    {
      "approach": "Naive RAG",
      "faithfulness": 0.9575326872201871,
      "answer_relevancy": 0.10942964744767414,
      "queries_evaluated": 50,
      "average_score": 0.5334811673339306
    },
    {
      "approach": "Naive RAG (Chroma DB)",
      "faithfulness": 0.9839595959595958,
      "answer_relevancy": 0.3386669762127375,
      "queries_evaluated": 50,
      "average_score": 0.6613132860861667
    }
  ],
  "summary": {
    "total_approaches": 2,
    "best_approach": "Naive RAG (Chroma DB)",
    "best_score": 0.6613132860861667
  }
}